id,cue_family,cue_group,default_color,default_color_hex,word
308774_001,褒めかわいい系,かわいい,桃,#F472B6,かわいい
308774_002,褒めかわいい系,かわいい,桃,#F472B6,かわいすぎ
308774_003,褒めかわいい系,かわいい,桃,#F472B6,ふわ
308774_004,褒めかわいい系,かわいい,桃,#F472B6,まる
308774_005,褒めかわいい系,かわいい,桃,#F472B6,ちょこん
308774_006,褒めかわいい系,かわいい,桃,#F472B6,やわらかい
308774_007,褒めかわいい系,かわいい,桃,#F472B6,ぬくい
308774_008,褒めかわいい系,かわいい,桃,#F472B6,愛しい
308774_009,褒めかわいい系,かわいい,桃,#F472B6,好き
308774_010,褒めかわいい系,かわいい,桃,#F472B6,だいすき
308774_011,褒めかわいい系,かわいい,桃,#F472B6,きゅん
308774_012,褒めかわいい系,かわいい,桃,#F472B6,うれしい
308774_013,褒めかわいい系,かわいい,桃,#F472B6,似合う
308774_014,褒めかわいい系,かわいい,桃,#F472B6,ころん
308774_015,褒めかわいい系,かわいい,桃,#F472B6,ふふ
32D102_001,褒めかわいい系,褒め短語,桃,#F472B6,天才
32D102_002,褒めかわいい系,褒め短語,桃,#F472B6,最高
32D102_003,褒めかわいい系,褒め短語,桃,#F472B6,えらい
32D102_004,褒めかわいい系,褒め短語,桃,#F472B6,さすが
32D102_005,褒めかわいい系,褒め短語,桃,#F472B6,すごい
32D102_006,褒めかわいい系,褒め短語,桃,#F472B6,神
32D102_007,褒めかわいい系,褒め短語,桃,#F472B6,いいね
32D102_008,褒めかわいい系,褒め短語,桃,#F472B6,よすぎ
32D102_009,褒めかわいい系,褒め短語,桃,#F472B6,それ好き
32D102_010,褒めかわいい系,褒め短語,桃,#F472B6,めっちゃいい
32D102_011,褒めかわいい系,褒め短語,桃,#F472B6,助かった
32D102_012,褒めかわいい系,褒め短語,桃,#F472B6,ありがとう
32D102_013,褒めかわいい系,褒め短語,桃,#F472B6,よくやった
32D102_014,褒めかわいい系,褒め短語,桃,#F472B6,完璧
32D102_015,褒めかわいい系,褒め短語,桃,#F472B6,すてき
6706D7_001,褒めかわいい系,親密,橙,#F0997B,好き
6706D7_002,褒めかわいい系,親密,橙,#F0997B,大好き
6706D7_003,褒めかわいい系,親密,橙,#F0997B,会いたい
6706D7_004,褒めかわいい系,親密,橙,#F0997B,おはよ
6706D7_005,褒めかわいい系,親密,橙,#F0997B,おやすみ
6706D7_006,褒めかわいい系,親密,橙,#F0997B,声ききたい
6706D7_007,褒めかわいい系,親密,橙,#F0997B,そば
6706D7_008,褒めかわいい系,親密,橙,#F0997B,待ってた
6706D7_009,褒めかわいい系,親密,橙,#F0997B,ただいま
6706D7_010,褒めかわいい系,親密,橙,#F0997B,おかえり
6706D7_011,褒めかわいい系,親密,橙,#F0997B,安心した
6706D7_012,褒めかわいい系,親密,橙,#F0997B,だいじ
6706D7_013,褒めかわいい系,親密,橙,#F0997B,いてくれてよかった
E805DA_001,自然系,森と緑,緑,#5DCAA5,森
E805DA_002,自然系,森と緑,緑,#5DCAA5,木
E805DA_003,自然系,森と緑,緑,#5DCAA5,葉
E805DA_004,自然系,森と緑,緑,#5DCAA5,土
E805DA_005,自然系,森と緑,緑,#5DCAA5,苔
E805DA_006,自然系,森と緑,緑,#5DCAA5,風
E805DA_007,自然系,森と緑,緑,#5DCAA5,光
E805DA_008,自然系,森と緑,緑,#5DCAA5,影
E805DA_009,自然系,森と緑,緑,#5DCAA5,小道
E805DA_010,自然系,森と緑,緑,#5DCAA5,水
E805DA_011,自然系,森と緑,緑,#5DCAA5,鳥
E805DA_012,自然系,森と緑,緑,#5DCAA5,緑
E805DA_013,自然系,森と緑,緑,#5DCAA5,息
E805DA_014,自然系,森と緑,緑,#5DCAA5,深い
E805DA_015,自然系,森と緑,緑,#5DCAA5,抜ける
E805DA_016,自然系,森と緑,緑,#5DCAA5,午後
E805DA_017,自然系,森と緑,緑,#5DCAA5,ゆっくり
E805DA_018,自然系,森と緑,緑,#5DCAA5,静か
E805DA_019,自然系,森と緑,緑,#5DCAA5,日陰
846A32_001,自然系,木漏れ日,緑,#5DCAA5,木漏れ日
846A32_002,自然系,木漏れ日,緑,#5DCAA5,葉擦れ
846A32_003,自然系,木漏れ日,緑,#5DCAA5,風
846A32_004,自然系,木漏れ日,緑,#5DCAA5,緑
846A32_005,自然系,木漏れ日,緑,#5DCAA5,影
846A32_006,自然系,木漏れ日,緑,#5DCAA5,光
846A32_007,自然系,木漏れ日,緑,#5DCAA5,揺れる
846A32_008,自然系,木漏れ日,緑,#5DCAA5,庭
846A32_009,自然系,木漏れ日,緑,#5DCAA5,土
846A32_010,自然系,木漏れ日,緑,#5DCAA5,木
846A32_011,自然系,木漏れ日,緑,#5DCAA5,午後
846A32_012,自然系,木漏れ日,緑,#5DCAA5,鳥
846A32_013,自然系,木漏れ日,緑,#5DCAA5,静か
846A32_014,自然系,木漏れ日,緑,#5DCAA5,息
846A32_015,自然系,木漏れ日,緑,#5DCAA5,あたたかい
846A32_016,自然系,木漏れ日,緑,#5DCAA5,散歩
846A32_017,自然系,木漏れ日,緑,#5DCAA5,小道
846A32_018,自然系,木漏れ日,緑,#5DCAA5,ベンチ
C3BB81_001,自然系,苔と湿り,緑,#5DCAA5,苔
C3BB81_002,自然系,苔と湿り,緑,#5DCAA5,湿った土
C3BB81_003,自然系,苔と湿り,緑,#5DCAA5,石
C3BB81_004,自然系,苔と湿り,緑,#5DCAA5,しずく
C3BB81_005,自然系,苔と湿り,緑,#5DCAA5,水
C3BB81_006,自然系,苔と湿り,緑,#5DCAA5,影
C3BB81_007,自然系,苔と湿り,緑,#5DCAA5,静けさ
C3BB81_008,自然系,苔と湿り,緑,#5DCAA5,深い緑
C3BB81_009,自然系,苔と湿り,緑,#5DCAA5,日陰
C3BB81_010,自然系,苔と湿り,緑,#5DCAA5,根
C3BB81_011,自然系,苔と湿り,緑,#5DCAA5,古い庭
C3BB81_012,自然系,苔と湿り,緑,#5DCAA5,呼吸
C3BB81_013,自然系,苔と湿り,緑,#5DCAA5,ゆっくり
C3BB81_014,自然系,苔と湿り,緑,#5DCAA5,ひんやり
C3BB81_015,自然系,苔と湿り,緑,#5DCAA5,しっとり
E3C29B_001,夕方エモ系,夕暮れ帰り道,紫,#A78BFA,夕暮れ
E3C29B_002,夕方エモ系,夕暮れ帰り道,紫,#A78BFA,帰り道
E3C29B_003,夕方エモ系,夕暮れ帰り道,紫,#A78BFA,灯り
E3C29B_004,夕方エモ系,夕暮れ帰り道,紫,#A78BFA,影
E3C29B_005,夕方エモ系,夕暮れ帰り道,紫,#A78BFA,遠く
E3C29B_006,夕方エモ系,夕暮れ帰り道,紫,#A78BFA,雲
E3C29B_007,夕方エモ系,夕暮れ帰り道,紫,#A78BFA,電線
E3C29B_008,夕方エモ系,夕暮れ帰り道,紫,#A78BFA,坂道
E3C29B_009,夕方エモ系,夕暮れ帰り道,紫,#A78BFA,家
E3C29B_010,夕方エモ系,夕暮れ帰り道,紫,#A78BFA,またね
E3C29B_011,夕方エモ系,夕暮れ帰り道,紫,#A78BFA,余韻
E3C29B_012,夕方エモ系,夕暮れ帰り道,紫,#A78BFA,やわらぐ
E3C29B_013,夕方エモ系,夕暮れ帰り道,紫,#A78BFA,時間
E3C29B_014,夕方エモ系,夕暮れ帰り道,紫,#A78BFA,ゆっくり
E3C29B_015,夕方エモ系,夕暮れ帰り道,紫,#A78BFA,空
E3C29B_016,夕方エモ系,夕暮れ帰り道,紫,#A78BFA,窓
E3C29B_017,夕方エモ系,夕暮れ帰り道,紫,#A78BFA,静か
621792_001,夕方エモ系,放課後,橙,#F0997B,放課後
621792_002,夕方エモ系,放課後,橙,#F0997B,夕方
621792_003,夕方エモ系,放課後,橙,#F0997B,廊下
621792_004,夕方エモ系,放課後,橙,#F0997B,窓
621792_005,夕方エモ系,放課後,橙,#F0997B,光
621792_006,夕方エモ系,放課後,橙,#F0997B,影
621792_007,夕方エモ系,放課後,橙,#F0997B,帰る
621792_008,夕方エモ系,放課後,橙,#F0997B,じゃあね
621792_009,夕方エモ系,放課後,橙,#F0997B,また明日
621792_010,夕方エモ系,放課後,橙,#F0997B,名前
621792_011,夕方エモ系,放課後,橙,#F0997B,自販機
621792_012,夕方エモ系,放課後,橙,#F0997B,風
621792_013,夕方エモ系,放課後,橙,#F0997B,少し冷たい
621792_014,夕方エモ系,放課後,橙,#F0997B,空
621792_015,夕方エモ系,放課後,橙,#F0997B,余韻
621792_016,夕方エモ系,放課後,橙,#F0997B,坂道
73C8EB_001,夕方エモ系,夜の前,紫,#A78BFA,夜の前
73C8EB_002,夕方エモ系,夜の前,紫,#A78BFA,灯り
73C8EB_003,夕方エモ系,夜の前,紫,#A78BFA,窓
73C8EB_004,夕方エモ系,夜の前,紫,#A78BFA,夜風
73C8EB_005,夕方エモ系,夜の前,紫,#A78BFA,影
73C8EB_006,夕方エモ系,夜の前,紫,#A78BFA,静か
73C8EB_007,夕方エモ系,夜の前,紫,#A78BFA,遠く
73C8EB_008,夕方エモ系,夜の前,紫,#A78BFA,帰る
73C8EB_009,夕方エモ系,夜の前,紫,#A78BFA,駅
73C8EB_010,夕方エモ系,夜の前,紫,#A78BFA,ホーム
73C8EB_011,夕方エモ系,夜の前,紫,#A78BFA,人影
73C8EB_012,夕方エモ系,夜の前,紫,#A78BFA,余韻
73C8EB_013,夕方エモ系,夜の前,紫,#A78BFA,青紫
73C8EB_014,夕方エモ系,夜の前,紫,#A78BFA,深呼吸
73C8EB_015,夕方エモ系,夜の前,紫,#A78BFA,夜になる
73C8EB_016,夕方エモ系,夜の前,紫,#A78BFA,前
5BB682_001,生活ぬくさ系,湯気とお茶,白,#E8E4F8,湯気
5BB682_002,生活ぬくさ系,湯気とお茶,白,#E8E4F8,お茶
5BB682_003,生活ぬくさ系,湯気とお茶,白,#E8E4F8,マグ
5BB682_004,生活ぬくさ系,湯気とお茶,白,#E8E4F8,手
5BB682_005,生活ぬくさ系,湯気とお茶,白,#E8E4F8,朝
5BB682_006,生活ぬくさ系,湯気とお茶,白,#E8E4F8,台所
5BB682_007,生活ぬくさ系,湯気とお茶,白,#E8E4F8,休む
5BB682_008,生活ぬくさ系,湯気とお茶,白,#E8E4F8,ふわ
5BB682_009,生活ぬくさ系,湯気とお茶,白,#E8E4F8,ゆるむ
5BB682_010,生活ぬくさ系,湯気とお茶,白,#E8E4F8,小さい
5BB682_011,生活ぬくさ系,湯気とお茶,白,#E8E4F8,香り
5BB682_012,生活ぬくさ系,湯気とお茶,白,#E8E4F8,飲む
5BB682_013,生活ぬくさ系,湯気とお茶,白,#E8E4F8,待つ
5BB682_014,生活ぬくさ系,湯気とお茶,白,#E8E4F8,ぬくい
5BB682_015,生活ぬくさ系,湯気とお茶,白,#E8E4F8,戻る
5BB682_016,生活ぬくさ系,湯気とお茶,白,#E8E4F8,白
575EC8_001,生活ぬくさ系,布団,白,#E8E4F8,布団
575EC8_002,生活ぬくさ系,布団,白,#E8E4F8,眠る
575EC8_003,生活ぬくさ系,布団,白,#E8E4F8,まぶた
575EC8_004,生活ぬくさ系,布団,白,#E8E4F8,ぬくい
575EC8_005,生活ぬくさ系,布団,白,#E8E4F8,重さ
575EC8_006,生活ぬくさ系,布団,白,#E8E4F8,安心
575EC8_007,生活ぬくさ系,布団,白,#E8E4F8,毛布
575EC8_008,生活ぬくさ系,布団,白,#E8E4F8,枕
575EC8_009,生活ぬくさ系,布団,白,#E8E4F8,静か
575EC8_010,生活ぬくさ系,布団,白,#E8E4F8,暗い
575EC8_011,生活ぬくさ系,布団,白,#E8E4F8,深い
575EC8_012,生活ぬくさ系,布団,白,#E8E4F8,包まれる
575EC8_013,生活ぬくさ系,布団,白,#E8E4F8,体温
575EC8_014,生活ぬくさ系,布団,白,#E8E4F8,ふわ
575EC8_015,生活ぬくさ系,布団,白,#E8E4F8,休む
575EC8_016,生活ぬくさ系,布団,白,#E8E4F8,戻る
7A171A_001,生活ぬくさ系,カフェ,橙,#F0997B,カフェ
7A171A_002,生活ぬくさ系,カフェ,橙,#F0997B,珈琲
7A171A_003,生活ぬくさ系,カフェ,橙,#F0997B,湯気
7A171A_004,生活ぬくさ系,カフェ,橙,#F0997B,席
7A171A_005,生活ぬくさ系,カフェ,橙,#F0997B,窓際
7A171A_006,生活ぬくさ系,カフェ,橙,#F0997B,木目
7A171A_007,生活ぬくさ系,カフェ,橙,#F0997B,ノート
7A171A_008,生活ぬくさ系,カフェ,橙,#F0997B,午後
7A171A_009,生活ぬくさ系,カフェ,橙,#F0997B,甘い
7A171A_010,生活ぬくさ系,カフェ,橙,#F0997B,椅子
7A171A_011,生活ぬくさ系,カフェ,橙,#F0997B,机
7A171A_012,生活ぬくさ系,カフェ,橙,#F0997B,光
7A171A_013,生活ぬくさ系,カフェ,橙,#F0997B,一息
7A171A_014,生活ぬくさ系,カフェ,橙,#F0997B,紙
7A171A_015,生活ぬくさ系,カフェ,橙,#F0997B,落ち着く
7A171A_016,生活ぬくさ系,カフェ,橙,#F0997B,ひとり
C826A6_001,光開放系,ひらける,シアン,#22D3EE,空
C826A6_002,光開放系,ひらける,シアン,#22D3EE,光
C826A6_003,光開放系,ひらける,シアン,#22D3EE,風
C826A6_004,光開放系,ひらける,シアン,#22D3EE,外
C826A6_005,光開放系,ひらける,シアン,#22D3EE,透明
C826A6_006,光開放系,ひらける,シアン,#22D3EE,白
C826A6_007,光開放系,ひらける,シアン,#22D3EE,朝
C826A6_008,光開放系,ひらける,シアン,#22D3EE,ひらく
C826A6_009,光開放系,ひらける,シアン,#22D3EE,抜ける
C826A6_010,光開放系,ひらける,シアン,#22D3EE,遠く
C826A6_011,光開放系,ひらける,シアン,#22D3EE,広い
C826A6_012,光開放系,ひらける,シアン,#22D3EE,まぶしい
C826A6_013,光開放系,ひらける,シアン,#22D3EE,水平線
C826A6_014,光開放系,ひらける,シアン,#22D3EE,窓
C826A6_015,光開放系,ひらける,シアン,#22D3EE,青
C826A6_016,光開放系,ひらける,シアン,#22D3EE,すー
C826A6_017,光開放系,ひらける,シアン,#22D3EE,呼吸
FCE484_001,光開放系,海と空,青,#60A5FA,海
FCE484_002,光開放系,海と空,青,#60A5FA,空
FCE484_003,光開放系,海と空,青,#60A5FA,水平線
FCE484_004,光開放系,海と空,青,#60A5FA,白波
FCE484_005,光開放系,海と空,青,#60A5FA,光
FCE484_006,光開放系,海と空,青,#60A5FA,風
FCE484_007,光開放系,海と空,青,#60A5FA,青
FCE484_008,光開放系,海と空,青,#60A5FA,透明
FCE484_009,光開放系,海と空,青,#60A5FA,遠く
FCE484_010,光開放系,海と空,青,#60A5FA,抜ける
FCE484_011,光開放系,海と空,青,#60A5FA,広い
FCE484_012,光開放系,海と空,青,#60A5FA,日差し
FCE484_013,光開放系,海と空,青,#60A5FA,浮く
FCE484_014,光開放系,海と空,青,#60A5FA,外
FCE484_015,光開放系,海と空,青,#60A5FA,澄む
FCE484_016,光開放系,海と空,青,#60A5FA,きらきら
78DCB7_001,光開放系,朝の光,白,#E8E4F8,朝
78DCB7_002,光開放系,朝の光,白,#E8E4F8,光
78DCB7_003,光開放系,朝の光,白,#E8E4F8,白
78DCB7_004,光開放系,朝の光,白,#E8E4F8,窓
78DCB7_005,光開放系,朝の光,白,#E8E4F8,空気
78DCB7_006,光開放系,朝の光,白,#E8E4F8,まっさら
78DCB7_007,光開放系,朝の光,白,#E8E4F8,透明
78DCB7_008,光開放系,朝の光,白,#E8E4F8,薄い
78DCB7_009,光開放系,朝の光,白,#E8E4F8,軽い
78DCB7_010,光開放系,朝の光,白,#E8E4F8,清潔
78DCB7_011,光開放系,朝の光,白,#E8E4F8,ひらく
78DCB7_012,光開放系,朝の光,白,#E8E4F8,始まる
78DCB7_013,光開放系,朝の光,白,#E8E4F8,澄む
78DCB7_014,光開放系,朝の光,白,#E8E4F8,すー
78DCB7_015,光開放系,朝の光,白,#E8E4F8,伸びる
4F2134_001,発見知的快系,発見,橙,#F0997B,発見
4F2134_002,発見知的快系,発見,橙,#F0997B,見えた
4F2134_003,発見知的快系,発見,橙,#F0997B,つながる
4F2134_004,発見知的快系,発見,橙,#F0997B,なるほど
4F2134_005,発見知的快系,発見,橙,#F0997B,現象
4F2134_006,発見知的快系,発見,橙,#F0997B,構造
4F2134_007,発見知的快系,発見,橙,#F0997B,おもろい
4F2134_008,発見知的快系,発見,橙,#F0997B,仮説
4F2134_009,発見知的快系,発見,橙,#F0997B,ずれ
4F2134_010,発見知的快系,発見,橙,#F0997B,ひらめき
4F2134_011,発見知的快系,発見,橙,#F0997B,形
4F2134_012,発見知的快系,発見,橙,#F0997B,観察
4F2134_013,発見知的快系,発見,橙,#F0997B,変だ
4F2134_014,発見知的快系,発見,橙,#F0997B,解ける
4F2134_015,発見知的快系,発見,橙,#F0997B,しっくり
5D2CCE_001,発見知的快系,研究モード,青,#60A5FA,問い
5D2CCE_002,発見知的快系,研究モード,青,#60A5FA,仮説
5D2CCE_003,発見知的快系,研究モード,青,#60A5FA,実験
5D2CCE_004,発見知的快系,研究モード,青,#60A5FA,発想
5D2CCE_005,発見知的快系,研究モード,青,#60A5FA,直感
5D2CCE_006,発見知的快系,研究モード,青,#60A5FA,なるほど
5D2CCE_007,発見知的快系,研究モード,青,#60A5FA,見えてきた
5D2CCE_008,発見知的快系,研究モード,青,#60A5FA,形になった
5D2CCE_009,発見知的快系,研究モード,青,#60A5FA,面白い
5D2CCE_010,発見知的快系,研究モード,青,#60A5FA,つながった
5D2CCE_011,発見知的快系,研究モード,青,#60A5FA,観察
5D2CCE_012,発見知的快系,研究モード,青,#60A5FA,わかった
5D2CCE_013,発見知的快系,研究モード,青,#60A5FA,深まる
8038A3_001,発見知的快系,違和感から面白さ,紫,#A78BFA,違和感
8038A3_002,発見知的快系,違和感から面白さ,紫,#A78BFA,ずれ
8038A3_003,発見知的快系,違和感から面白さ,紫,#A78BFA,変だ
8038A3_004,発見知的快系,違和感から面白さ,紫,#A78BFA,なんで
8038A3_005,発見知的快系,違和感から面白さ,紫,#A78BFA,おもろい
8038A3_006,発見知的快系,違和感から面白さ,紫,#A78BFA,気づく
8038A3_007,発見知的快系,違和感から面白さ,紫,#A78BFA,見つけた
8038A3_008,発見知的快系,違和感から面白さ,紫,#A78BFA,捉える
8038A3_009,発見知的快系,違和感から面白さ,紫,#A78BFA,構造
8038A3_010,発見知的快系,違和感から面白さ,紫,#A78BFA,解像度
8038A3_011,発見知的快系,違和感から面白さ,紫,#A78BFA,つながる
8038A3_012,発見知的快系,違和感から面白さ,紫,#A78BFA,立ち上がる
9D5E08_001,温泉系,露天,緑,#5DCAA5,露天
9D5E08_002,温泉系,露天,緑,#5DCAA5,湯けむり
9D5E08_003,温泉系,露天,緑,#5DCAA5,岩
9D5E08_004,温泉系,露天,緑,#5DCAA5,ぬるい
9D5E08_005,温泉系,露天,緑,#5DCAA5,風
9D5E08_006,温泉系,露天,緑,#5DCAA5,山
9D5E08_007,温泉系,露天,緑,#5DCAA5,あたたかい
9D5E08_008,温泉系,露天,緑,#5DCAA5,夜
9D5E08_009,温泉系,露天,緑,#5DCAA5,静か
9D5E08_010,温泉系,露天,緑,#5DCAA5,湯
9D5E08_011,温泉系,露天,緑,#5DCAA5,ほぐれる
9D5E08_012,温泉系,露天,緑,#5DCAA5,深呼吸
9D5E08_013,温泉系,露天,緑,#5DCAA5,木
9D5E08_014,温泉系,露天,緑,#5DCAA5,星空
9D5E08_015,温泉系,露天,緑,#5DCAA5,水音
9D5E08_016,温泉系,露天,緑,#5DCAA5,のぼせる
53964B_001,温泉系,湯上がり,橙,#F0997B,湯上がり
53964B_002,温泉系,湯上がり,橙,#F0997B,ほかほか
53964B_003,温泉系,湯上がり,橙,#F0997B,牛乳
53964B_004,温泉系,湯上がり,橙,#F0997B,休憩
53964B_005,温泉系,湯上がり,橙,#F0997B,畳
53964B_006,温泉系,湯上がり,橙,#F0997B,ぽかぽか
53964B_007,温泉系,湯上がり,橙,#F0997B,すっきり
53964B_008,温泉系,湯上がり,橙,#F0997B,ゆるむ
53964B_009,温泉系,湯上がり,橙,#F0997B,ぼーっとする
53964B_010,温泉系,湯上がり,橙,#F0997B,火照る
53964B_011,温泉系,湯上がり,橙,#F0997B,体温
53964B_012,温泉系,湯上がり,橙,#F0997B,眠い
53964B_013,温泉系,湯上がり,橙,#F0997B,ごろん
53964B_014,温泉系,湯上がり,橙,#F0997B,幸せ
50AF03_001,温泉系,旅館,金,#D8B55B,旅館
50AF03_002,温泉系,旅館,金,#D8B55B,畳
50AF03_003,温泉系,旅館,金,#D8B55B,障子
50AF03_004,温泉系,旅館,金,#D8B55B,湯
50AF03_005,温泉系,旅館,金,#D8B55B,音
50AF03_006,温泉系,旅館,金,#D8B55B,静か
50AF03_007,温泉系,旅館,金,#D8B55B,木
50AF03_008,温泉系,旅館,金,#D8B55B,夕食
50AF03_009,温泉系,旅館,金,#D8B55B,浴衣
50AF03_010,温泉系,旅館,金,#D8B55B,廊下
50AF03_011,温泉系,旅館,金,#D8B55B,くつろぐ
50AF03_012,温泉系,旅館,金,#D8B55B,灯り
50AF03_013,温泉系,旅館,金,#D8B55B,和室
50AF03_014,温泉系,旅館,金,#D8B55B,盆栽
50AF03_015,温泉系,旅館,金,#D8B55B,庭
50AF03_016,温泉系,旅館,金,#D8B55B,のんびり
50AF03_017,温泉系,旅館,金,#D8B55B,落ち着く
B97172_001,混合系,かわいい森,桃,#F472B6,かわいい
B97172_002,混合系,かわいい森,桃,#F472B6,森
B97172_003,混合系,かわいい森,桃,#F472B6,木
B97172_004,混合系,かわいい森,桃,#F472B6,葉
B97172_005,混合系,かわいい森,桃,#F472B6,ふわ
B97172_006,混合系,かわいい森,桃,#F472B6,苔
B97172_007,混合系,かわいい森,桃,#F472B6,小さい
B97172_008,混合系,かわいい森,桃,#F472B6,丸い
B97172_009,混合系,かわいい森,桃,#F472B6,ぬくい
B97172_010,混合系,かわいい森,桃,#F472B6,光
B97172_011,混合系,かわいい森,桃,#F472B6,風
B97172_012,混合系,かわいい森,桃,#F472B6,好き
B97172_013,混合系,かわいい森,桃,#F472B6,手
B97172_014,混合系,かわいい森,桃,#F472B6,やわらかい
B97172_015,混合系,かわいい森,桃,#F472B6,緑
B97172_016,混合系,かわいい森,桃,#F472B6,ちょこん
2F244F_001,混合系,灯りとぬくさ,橙,#F0997B,灯り
2F244F_002,混合系,灯りとぬくさ,橙,#F0997B,ぬくい
2F244F_003,混合系,灯りとぬくさ,橙,#F0997B,オレンジ
2F244F_004,混合系,灯りとぬくさ,橙,#F0997B,帰る
2F244F_005,混合系,灯りとぬくさ,橙,#F0997B,湯気
2F244F_006,混合系,灯りとぬくさ,橙,#F0997B,窓
2F244F_007,混合系,灯りとぬくさ,橙,#F0997B,生活
2F244F_008,混合系,灯りとぬくさ,橙,#F0997B,木目
2F244F_009,混合系,灯りとぬくさ,橙,#F0997B,夕方
2F244F_010,混合系,灯りとぬくさ,橙,#F0997B,静か
2F244F_011,混合系,灯りとぬくさ,橙,#F0997B,席
2F244F_012,混合系,灯りとぬくさ,橙,#F0997B,ただいま
2F244F_013,混合系,灯りとぬくさ,橙,#F0997B,一息
2F244F_014,混合系,灯りとぬくさ,橙,#F0997B,ほっとする
2F244F_015,混合系,灯りとぬくさ,橙,#F0997B,やわらぐ
58D669_001,混合系,安心と木漏れ日,緑,#5DCAA5,大丈夫
58D669_002,混合系,安心と木漏れ日,緑,#5DCAA5,木漏れ日
58D669_003,混合系,安心と木漏れ日,緑,#5DCAA5,いていい
58D669_004,混合系,安心と木漏れ日,緑,#5DCAA5,風
58D669_005,混合系,安心と木漏れ日,緑,#5DCAA5,休む
58D669_006,混合系,安心と木漏れ日,緑,#5DCAA5,葉
58D669_007,混合系,安心と木漏れ日,緑,#5DCAA5,そのままでいい
58D669_008,混合系,安心と木漏れ日,緑,#5DCAA5,光
58D669_009,混合系,安心と木漏れ日,緑,#5DCAA5,ゆっくり
58D669_010,混合系,安心と木漏れ日,緑,#5DCAA5,苔
58D669_011,混合系,安心と木漏れ日,緑,#5DCAA5,安心
58D669_012,混合系,安心と木漏れ日,緑,#5DCAA5,水
58D669_013,混合系,安心と木漏れ日,緑,#5DCAA5,呼吸
58D669_014,混合系,安心と木漏れ日,緑,#5DCAA5,日陰